category_id,category,count,corr,kl(attn||gt),js,emd_approx,pred_cx,pred_cy,pred_w,pred_h
54,sandwich,100,0.20688559114933014,8.04089069366455,0.40050432085990906,1.768516848696323,0.3335839807987213,0.7647119164466858,0.13101771473884583,0.1628066897392273
9,boat,100,0.11559305340051651,8.894150733947754,0.44300246238708496,1.6488682903719631,0.47213512659072876,0.49105292558670044,0.17196966707706451,0.15413722395896912
65,bed,100,0.09414586424827576,11.035030364990234,0.4781019687652588,2.413182935292229,0.4215233623981476,0.7311583757400513,0.61077880859375,0.39399662613868713
5,airplane,100,0.09216765314340591,10.689569473266602,0.5003793239593506,2.8198167600160695,0.5385850071907043,0.5629472136497498,0.1470462828874588,0.11871475726366043
7,train,100,0.0796029195189476,9.095008850097656,0.41872842609882355,1.4084414797949454,0.22213003039360046,0.5327302813529968,0.20254448056221008,0.26396530866622925
51,bowl,100,0.0709984228014946,8.909883499145508,0.425610288977623,2.217262115196475,0.45069047808647156,0.6938340663909912,0.08872999250888824,0.09945231676101685
75,remote,100,0.051558636128902435,8.55095100402832,0.38794706761837006,0.7700456250263348,0.31344038248062134,0.6535956859588623,0.07710373401641846,0.09034232050180435
74,mouse,100,0.04890499264001846,8.658295631408691,0.3969147652387619,2.253028834719891,0.5859367251396179,0.7314940690994263,0.09755642712116241,0.16429594159126282
80,toaster,100,0.04859768599271774,8.603891372680664,0.4333203434944153,1.7578728997531206,0.7677544951438904,0.6615739464759827,0.1574029177427292,0.1979367583990097
73,laptop,100,0.04422410950064659,9.068734169006348,0.4144505262374878,1.3384279621428707,0.5110746622085571,0.5988162159919739,0.15934887528419495,0.14794310927391052
43,tennis racket,100,0.04085203632712364,9.78240966796875,0.4308928996324539,0.6050748805187536,0.49121010303497314,0.6958149671554565,0.11869599670171738,0.16382776200771332
28,umbrella,100,0.03884393349289894,9.718954086303711,0.44404006004333496,1.6290830515764851,0.47012805938720703,0.5378463864326477,0.07240612804889679,0.08671192079782486
21,cow,100,0.03566446527838707,10.368241310119629,0.4838099777698517,3.816633592715809,0.4262388050556183,0.6811951994895935,0.09343504905700684,0.11679672449827194
18,dog,100,0.034278783947229385,10.556966781616211,0.4559049606323242,3.6817654620104796,0.3866930305957794,0.5166071057319641,0.1834239661693573,0.25159740447998047
59,pizza,100,0.0324428528547287,9.883822441101074,0.42883025109767914,2.2532652162254014,0.27872031927108765,0.6727319955825806,0.1127760112285614,0.14793504774570465
62,chair,100,0.03151861950755119,8.345617294311523,0.44139397144317627,0.706185330621497,0.24796181917190552,0.6852407455444336,0.08552326261997223,0.08727364242076874
35,skis,100,0.0243866927921772,10.403665542602539,0.49397119879722595,4.753596366833408,0.3629249632358551,0.7111003994941711,0.12313465029001236,0.12229616194963455
40,baseball glove,100,0.0235393438488245,8.856230735778809,0.4584604799747467,2.031609393867456,0.31658998131752014,0.6352571845054626,0.05081024393439293,0.08924783766269684
61,cake,100,0.019276930019259453,10.818207740783691,0.49477992951869965,3.4026951739974245,0.3342917263507843,0.7320661544799805,0.1492735892534256,0.27705833315849304
58,hot dog,100,0.017867766320705414,9.99824047088623,0.4530267119407654,2.7313279536399495,0.3766902983188629,0.5643059015274048,0.09126602858304977,0.10965422540903091
81,sink,100,0.0176364928483963,9.43516731262207,0.42759063839912415,2.3701950878357665,0.35625699162483215,0.7424678802490234,0.14836040139198303,0.12276998907327652
4,motorcycle,100,0.017559824511408806,9.726327896118164,0.4719374030828476,4.262298011749306,0.417806476354599,0.6871575117111206,0.2264637053012848,0.39827507734298706
1,person,100,0.014281168580055237,8.989057540893555,0.44427400827407837,0.9858086241197942,0.45610731840133667,0.6975207924842834,0.10998443514108658,0.186414435505867
27,backpack,100,0.01064637303352356,9.434112548828125,0.4241572916507721,0.8948235164650226,0.28334277868270874,0.5982241034507751,0.059852197766304016,0.1045515164732933
47,cup,100,0.010029266588389874,8.82663345336914,0.3802783787250519,1.0809866246804818,0.27483803033828735,0.49696433544158936,0.08255791664123535,0.13362446427345276
55,orange,100,0.008722696453332901,9.319526672363281,0.42115171253681183,1.4705320050696327,0.5520493388175964,0.5382845997810364,0.08620152622461319,0.13713885843753815
32,tie,100,0.008042803034186363,9.232044219970703,0.4329933524131775,0.4762633180288763,0.5926593542098999,0.7006771564483643,0.08868321031332016,0.19325628876686096
53,apple,100,0.007727558258920908,9.3726806640625,0.42167069017887115,1.7988462613827516,0.34795713424682617,0.5306971073150635,0.07824445515871048,0.09734915941953659
76,keyboard,100,0.0026238691061735153,10.31010913848877,0.4523917883634567,2.867108012692509,0.5873575806617737,0.7329463958740234,0.3487200140953064,0.23686516284942627
72,tv,100,0.00031321795540861785,10.035404205322266,0.46968138217926025,1.357532381426306,0.2571224272251129,0.4902507960796356,0.1332809031009674,0.24080516397953033
17,cat,100,-0.001537815434858203,11.169412612915039,0.498128205537796,1.614761851685865,0.3604086637496948,0.6270405054092407,0.27364206314086914,0.29836368560791016
37,sports ball,100,-0.003171701217070222,9.625433921813965,0.4068058282136917,2.9425785102329427,0.4681810736656189,0.6956869959831238,0.06667087227106094,0.0687822550535202
3,car,100,-0.0034082704223692417,9.503165245056152,0.45481355488300323,2.2373393131691617,0.28812679648399353,0.6207364201545715,0.08619315177202225,0.06478166580200195
15,bench,100,-0.008373752236366272,9.851577758789062,0.4252936691045761,2.2195043019301526,0.2886257469654083,0.5943431258201599,0.1847541779279709,0.19917923212051392
2,bicycle,100,-0.010379863902926445,9.790702819824219,0.45145532488822937,3.57290329782148,0.29601600766181946,0.6084076762199402,0.10863450914621353,0.1621376872062683
79,oven,100,-0.01233409158885479,11.181623458862305,0.4975612610578537,2.917623504467354,0.29837527871131897,0.7291481494903564,0.25477704405784607,0.3664448857307434
50,spoon,100,-0.012715405784547329,9.44784927368164,0.4493245631456375,2.2073990344906824,0.3214385509490967,0.6714373826980591,0.06592784076929092,0.1211686059832573
77,cell phone,100,-0.012965201400220394,9.82512092590332,0.4379337430000305,0.9771356427023798,0.3069380819797516,0.7087655663490295,0.07390014082193375,0.08019810914993286
22,elephant,100,-0.015491079539060593,10.935335159301758,0.5220313966274261,1.0312559076732866,0.22081834077835083,0.5663270354270935,0.1921367645263672,0.38536351919174194
87,scissors,100,-0.01875101774930954,10.207562446594238,0.45639967918395996,1.4072176388943454,0.41900545358657837,0.6199491620063782,0.32293736934661865,0.5996217131614685
39,baseball bat,100,-0.01938222534954548,9.89027214050293,0.44901685416698456,1.551545635487264,0.6386576294898987,0.6548560261726379,0.21644464135169983,0.26922282576560974
85,clock,100,-0.02127774991095066,10.322405815124512,0.4887210428714752,1.3461291174215233,0.5538710355758667,0.6132192611694336,0.20868229866027832,0.2768954038619995
48,fork,100,-0.02148786373436451,9.301937103271484,0.4130626618862152,2.6985309172884544,0.2695672810077667,0.6268255114555359,0.17538104951381683,0.42985981702804565
49,knife,100,-0.022213270887732506,9.44618034362793,0.4251149743795395,1.1747530342099821,0.5185031890869141,0.6748387217521667,0.0966503694653511,0.14434558153152466
23,bear,100,-0.023301731795072556,11.7645902633667,0.5109114795923233,1.9919168840187813,0.4110761880874634,0.6831834316253662,0.28605037927627563,0.32069987058639526
31,handbag,100,-0.025075290352106094,9.69774055480957,0.44856947660446167,2.7084755289705145,0.4630361795425415,0.6583876609802246,0.07072199881076813,0.08891750872135162
44,bottle,100,-0.027331773191690445,9.337135314941406,0.452625572681427,0.7604232736839897,0.2283729463815689,0.6289928555488586,0.06312158703804016,0.1281270980834961
41,skateboard,100,-0.03109312243759632,10.769935607910156,0.4656929522752762,3.8820971753522135,0.3958328366279602,0.6288598775863647,0.06858143210411072,0.07078589498996735
56,broccoli,100,-0.03171861916780472,9.481678009033203,0.4169764071702957,1.3751655730929537,0.3474256694316864,0.7196946144104004,0.07257264107465744,0.12400688230991364
6,bus,100,-0.03172321245074272,11.375946044921875,0.5042772889137268,1.9340446996030778,0.3104279339313507,0.5103643536567688,0.0977906808257103,0.1033782884478569
24,zebra,100,-0.033045511692762375,10.952253341674805,0.5282538533210754,1.2689788365876082,0.17421557009220123,0.6395998597145081,0.16522903740406036,0.28620341420173645
63,couch,100,-0.03673495352268219,11.89600944519043,0.5407603979110718,2.650307974612085,0.4954654276371002,0.7133285999298096,0.35519325733184814,0.4217035472393036
84,book,100,-0.038669049739837646,10.283287048339844,0.47273874282836914,0.39823137284931537,0.3612922430038452,0.537341833114624,0.07026271522045135,0.09511947631835938
78,microwave,100,-0.04261099919676781,10.672150611877441,0.4778173267841339,1.0686570858911106,0.46956101059913635,0.7222496271133423,0.15100665390491486,0.2185438871383667
42,surfboard,100,-0.04623758792877197,11.586344718933105,0.4976447820663452,3.1622503181487533,0.39573556184768677,0.6794770956039429,0.08019314706325531,0.07669345289468765
19,horse,100,-0.04677413031458855,11.503313064575195,0.4983774423599243,4.106860265157594,0.38835611939430237,0.6257339119911194,0.16248635947704315,0.20453426241874695
60,donut,100,-0.04934902489185333,10.129392623901367,0.45406320691108704,2.408919849934103,0.45071232318878174,0.6746112108230591,0.14813457429409027,0.20083023607730865
36,snowboard,100,-0.050122182816267014,10.569659233093262,0.5056958496570587,3.7516611996776352,0.37341949343681335,0.6232729554176331,0.11727490276098251,0.07520896196365356
25,giraffe,100,-0.05129660665988922,12.742999076843262,0.5748552978038788,3.090693311461203,0.22318029403686523,0.5347486138343811,0.0954388827085495,0.2527472972869873
11,fire hydrant,100,-0.053040824830532074,11.75629997253418,0.5321365594863892,2.8716068038162557,0.3197290897369385,0.6486971378326416,0.22473755478858948,0.6364424228668213
10,traffic light,100,-0.053074680268764496,9.947601318359375,0.42641581594944,2.2609881253441606,0.26472240686416626,0.5682453513145447,0.0397581048309803,0.0865405946969986
20,sheep,100,-0.05323740839958191,11.10696029663086,0.4888553023338318,3.160625525349132,0.276079386472702,0.650421142578125,0.04765993356704712,0.047177016735076904
90,toothbrush,100,-0.05732598900794983,10.595864295959473,0.46759089827537537,1.8146431524146975,0.31590959429740906,0.5919537544250488,0.04397561028599739,0.05428091809153557
13,stop sign,100,-0.0589229054749012,10.887937545776367,0.5103929191827774,2.6014707836685425,0.1758849024772644,0.5508877038955688,0.09105121344327927,0.16275794804096222
33,suitcase,100,-0.05932452157139778,10.565672874450684,0.4784042239189148,1.9992029272111294,0.4527464210987091,0.7417796850204468,0.12320710718631744,0.18921580910682678
16,bird,100,-0.06611591577529907,10.308194160461426,0.4770897179841995,0.384415171847395,0.5305946469306946,0.7119598984718323,0.15940502285957336,0.18539533019065857
82,refrigerator,100,-0.07193230092525482,10.918548583984375,0.49358248710632324,0.9729495842032271,0.364296019077301,0.681298553943634,0.23981407284736633,0.5057870745658875
88,teddy bear,100,-0.07321225851774216,10.79157543182373,0.48940713703632355,1.6554667541171182,0.41052472591400146,0.653667688369751,0.14963699877262115,0.33563247323036194
34,frisbee,100,-0.08240198343992233,10.294052124023438,0.4599263072013855,1.6082201699782352,0.3380926251411438,0.5220165252685547,0.12130974978208542,0.08020874857902527
46,wine glass,100,-0.0839211642742157,10.532058715820312,0.46845006942749023,1.5873102838487851,0.4431493580341339,0.5772972106933594,0.09398047626018524,0.16828151047229767
67,dining table,100,-0.08683568984270096,13.261340141296387,0.6184515953063965,3.4655998563229127,0.35361406207084656,0.6992986798286438,0.5157502889633179,0.47071123123168945
86,vase,100,-0.08849193155765533,10.78951358795166,0.48009270429611206,4.114411065547811,0.3442741632461548,0.6646584868431091,0.15617260336875916,0.20160898566246033
64,potted plant,100,-0.08868560940027237,10.111087799072266,0.44200263917446136,2.7687807953435866,0.5615270137786865,0.7101625204086304,0.08066453784704208,0.12316369265317917
70,toilet,100,-0.09704834967851639,11.652633666992188,0.5093198418617249,1.4943028080371925,0.24870005249977112,0.7262550592422485,0.13052822649478912,0.22262056171894073
8,truck,100,-0.11081467568874359,11.734331130981445,0.5255642235279083,2.2428631738510796,0.23618045449256897,0.5051935315132141,0.08785637468099594,0.06794752925634384
38,kite,100,-0.11308130621910095,11.845684051513672,0.5187140703201294,2.7843043855706218,0.4229363799095154,0.5703204274177551,0.18104057013988495,0.16406655311584473
89,hair drier,100,-0.11983335763216019,10.593644142150879,0.47733500599861145,0.9207307392826104,0.24729472398757935,0.5073137879371643,0.06082518771290779,0.06731028854846954
52,banana,100,-0.13016866147518158,11.946715354919434,0.5206840485334396,2.1009939802340503,0.5188172459602356,0.6106427311897278,0.10181200504302979,0.09987960010766983
57,carrot,100,-0.14121241867542267,10.718610763549805,0.47989998757839203,2.490144629868498,0.2598946690559387,0.8107567429542542,0.11874398589134216,0.11596403270959854
14,parking meter,100,-0.15610168874263763,12.702564239501953,0.5658690333366394,3.179903661418141,0.3117586076259613,0.5533913373947144,0.12385497242212296,0.1675092577934265
