category_id,category,count,"corr(attn,gt)",H_attn,H_gt,H_uniform,"JS(attn,gt)","JS(attn,uniform)","JS(gt,uniform)",KL(attn||gt),KL(gt||attn),attn_center_x,attn_center_y,gt_center_x,gt_center_y,"dist_center(attn,gt)","dist_center(attn,uniform)","dist_center(gt,uniform)",bbox_cx,bbox_cy,bbox_w,bbox_h,dist_bbox_center_to_gt_center
10,traffic light,100,0.8097234964370728,4.598572731018066,4.372898101806641,5.545178413391113,0.09428130835294724,0.24075713008642197,0.32633746415376663,3.6511199474334717,0.32941314578056335,8.478500649385179,6.288330555577031,8.510000591178237,6.500000447979708,0.2140009104717248,1.5574358296236426,1.4213023247082837,0.39981356263160706,0.5906091928482056,0.0460003986954689,0.15615785121917725,3.446691023112268
48,fork,100,0.8148671388626099,4.598912715911865,4.3781304359436035,5.545178413391113,0.08815266191959381,0.2449190318584442,0.32769347727298737,3.336142063140869,0.31162595748901367,7.133543650558678,9.13244120318393,7.17000050471549,9.120000632491376,0.03852103339952756,1.6730674038718398,1.6532700070346915,0.39537155628204346,0.8109222650527954,0.08553934097290039,0.17080089449882507,3.2865028689985567
62,chair,100,0.8574524521827698,4.613508224487305,4.405856609344482,5.545178413391113,0.0757862739264965,0.24723971635103226,0.32000795006752014,3.0426321029663086,0.2685316205024719,7.178853881204434,8.145852772272956,7.1100004930177185,8.210000569012982,0.09410488239932148,0.7212909489728253,0.8100619874090996,0.4518498182296753,0.7975289225578308,0.09419795870780945,0.10954882949590683,3.767612019057172
64,potted plant,100,0.8274737000465393,4.590903282165527,4.391993522644043,5.545178413391113,0.0846475251019001,0.24970770627260208,0.32294319570064545,3.323214054107666,0.29434943199157715,8.584425556363758,7.382462699814496,8.620000617590573,7.350000526768898,0.04815991756776595,1.0907766976928612,1.1300005422002566,0.5617647767066956,0.7474966645240784,0.09946709871292114,0.19017288088798523,3.86729480981969
84,book,100,0.8135407567024231,4.54310941696167,4.312213897705078,5.545178413391113,0.09240800887346268,0.25434739887714386,0.3385374993085861,3.369295120239258,0.3376200795173645,7.248684101017142,7.230657886017242,7.040000475025186,7.020000479197631,0.2965221725353996,0.3683813994303502,0.6648301308962747,0.5134803652763367,0.7062554359436035,0.04985317587852478,0.08999424427747726,3.634664209055718
55,orange,100,0.7498608231544495,4.526677131652832,4.317446231842041,5.545178413391113,0.1063370406627655,0.2580272704362869,0.33989349007606506,4.3815107345581055,0.3706076741218567,7.297666906124244,7.350446642789528,7.280000524608489,7.380000533549387,0.03443157700288859,0.2516046254150719,0.2505985656801965,0.4171152114868164,0.5719431638717651,0.05403178185224533,0.05485139414668083,1.576400854350546
86,vase,100,0.821963369846344,4.562994003295898,4.306981086730957,5.545178413391113,0.08483601361513138,0.26244788616895676,0.34081152081489563,3.3900561332702637,0.30087900161743164,7.41085067270615,8.5053869082586,7.250000493614205,8.480000564841115,0.1628411696900434,1.0093316788126356,1.011385614037517,0.287672221660614,0.8051283359527588,0.07238788157701492,0.11627264320850372,4.64237056492248
46,wine glass,100,0.7504686713218689,4.546472549438477,4.281089782714844,5.545178413391113,0.10384421795606613,0.26336584240198135,0.34461018443107605,4.130439281463623,0.3619996905326843,7.6588827288028405,8.659674601038422,7.5000005168976385,8.710000605334821,0.16666212517645024,1.1705079674250232,1.2100006053349317,0.41642439365386963,0.6066312789916992,0.049867577850818634,0.19450104236602783,1.3127396981421915
47,cup,100,0.841587245464325,4.519691467285156,4.326076984405518,5.545178413391113,0.07725861668586731,0.26379944384098053,0.33741724491119385,2.935818910598755,0.2718215882778168,7.549693773627147,7.141689816897696,7.690000562941736,7.010000510154704,0.19242678773553942,0.3617397662023253,0.5255470616099256,0.3630851209163666,0.730708122253418,0.08493255823850632,0.1118360087275505,4.543314330481456
34,frisbee,100,0.836747407913208,4.53424596786499,4.3313093185424805,5.545178413391113,0.07473312690854073,0.26407310366630554,0.33695824444293976,2.86257266998291,0.2637455463409424,7.286368330727242,7.192645680074777,7.390000538913675,7.320000532096653,0.16419163470503062,0.374306249070145,0.21094949605241975,0.39703717827796936,0.6321671009063721,0.044908877462148666,0.052687738090753555,2.595006445509144
2,bicycle,100,0.7929825782775879,4.527961254119873,4.287886142730713,5.545178413391113,0.09213141724467278,0.2669662535190582,0.3442058116197586,3.834545135498047,0.3199222981929779,7.188365168441596,8.522855931959455,7.210000551319271,8.56000064780329,0.042986273476342145,1.0692757014844585,1.098954527529926,0.3467710316181183,0.7160864472389221,0.10768616199493408,0.15602567791938782,2.9651077490525517
16,bird,100,0.8497705459594727,4.524893283843994,4.312213897705078,5.545178413391113,0.07435457780957222,0.2676013559103012,0.34035252034664154,3.078373432159424,0.2528071999549866,7.68577453478181,7.66330504262686,7.680000566890604,7.630000564282872,0.033801286705890735,0.2473473564054374,0.2220368230605096,0.4498983323574066,0.580553412437439,0.04951993003487587,0.15481938421726227,1.4249463642714912
37,sports ball,100,0.7943506836891174,4.508957862854004,4.312213897705078,5.545178413391113,0.08164124935865402,0.27259644865989685,0.34035252034664154,3.0834548473358154,0.2837982773780823,6.898788616780221,8.213379398698669,6.930000514737041,8.220000608836813,0.03190647266246147,0.9329337027895999,0.9183138297583344,0.5434941053390503,0.7790022492408752,0.04205792769789696,0.040681228041648865,3.6743357771350222
1,person,100,0.8439192771911621,4.48367166519165,4.2462968826293945,5.545178413391113,0.08371507003903389,0.27272602915763855,0.3511965274810791,3.1891655921936035,0.2954598069190979,6.857153695456345,7.282004380879783,7.129999840645821,7.469999833045889,0.33134168011268217,0.6788029620007855,0.371214396190924,0.494662880897522,0.7716764807701111,0.06341111660003662,0.12508392333984375,4.115373878360672
80,toaster,100,0.9087650775909424,4.477675437927246,4.232434272766113,5.545178413391113,0.07630880549550056,0.2732570022344589,0.3519037663936615,3.1889688968658447,0.2708051800727844,8.465983522318133,7.686866944439998,8.350000558433607,7.700000505907833,0.11672419778378779,0.9838919759376478,0.8732131192903781,0.5560038685798645,0.7271641492843628,0.16147620975971222,0.21600687503814697,3.207477143309199
15,bench,100,0.7923791408538818,4.503778457641602,4.322678565979004,5.545178413391113,0.07872124016284943,0.27371300756931305,0.3394344747066498,2.868457317352295,0.27602508664131165,7.574071988462259,7.8396470439894195,7.650000548003273,7.930000569684394,0.11802078528583748,0.34763022590894427,0.455412619862675,0.28896257281303406,0.7599462270736694,0.25629493594169617,0.173788920044899,4.798775887564675
3,car,100,0.7113766670227051,4.497591495513916,4.317446231842041,5.545178413391113,0.09571882337331772,0.275199294090271,0.33989349007606506,3.2011542320251465,0.3439655303955078,7.1453220233012305,8.141786365278392,7.210000505683915,7.99000055064799,0.16499163495869168,0.7332708952443038,0.5693858501393567,0.569898247718811,0.6660211086273193,0.04352543130517006,0.06834562122821808,2.406818428777647
56,broccoli,100,0.722311794757843,4.428878307342529,4.293118476867676,5.545178413391113,0.10094530880451202,0.2759353220462799,0.34374678134918213,3.5389175415039062,0.37009134888648987,7.517490415988117,7.276454836663813,7.680000506354768,7.270000487579325,0.16263821227829972,0.2242283539217105,0.2920615654305116,0.4391975402832031,0.7247200012207031,0.0760747417807579,0.0810810849070549,3.7627520444634914
43,tennis racket,100,0.8297796249389648,4.476895332336426,4.204708099365234,5.545178413391113,0.09729242697358131,0.2765546590089798,0.361817330121994,4.171220302581787,0.33590221405029297,7.266919987634052,7.8920769347614605,7.310000472716216,7.950000515221179,0.07218773696541571,0.45612565695919066,0.48846728044710197,0.43068885803222656,0.6564487814903259,0.11977177113294601,0.11661495268344879,2.078346531837019
49,knife,100,0.8132613301277161,4.47093391418457,4.308815956115723,5.545178413391113,0.07878484390676022,0.27669815719127655,0.3423697352409363,2.809798002243042,0.28322821855545044,7.630056020287992,7.651131580564031,7.700000538503832,7.810000540701694,0.17358451003378206,0.19938736935155363,0.36891808120118647,0.5559968948364258,0.5537436008453369,0.035682957619428635,0.06146302819252014,0.809757964796003
44,bottle,100,0.8678300380706787,4.474376678466797,4.28972053527832,5.545178413391113,0.07046056911349297,0.27815544605255127,0.34394897520542145,2.875802993774414,0.2424454391002655,7.626098286999479,7.243072125681296,7.840000536305972,7.290000506690193,0.2189896006720255,0.2862039667547091,0.3996250140803554,0.41114816069602966,0.6381797790527344,0.03250987455248833,0.0896061509847641,2.8299979689843737
53,apple,100,0.8361523747444153,4.4353437423706055,4.2099409103393555,5.545178413391113,0.09018201380968094,0.2805323898792267,0.3595432937145233,3.3512275218963623,0.3308398425579071,7.522514093095495,7.3962692563968755,7.300000546513957,7.410000556162318,0.2229368229017874,0.1061458975013626,0.21931639538759545,0.5803139805793762,0.6483771800994873,0.038009412586688995,0.046872641891241074,2.7084083600928746
50,spoon,100,0.8230144381523132,4.481740474700928,4.270625114440918,5.545178413391113,0.08371597342193127,0.28078852593898773,0.34915825724601746,3.3814637660980225,0.2895815968513489,7.814863251391264,7.493803206258297,8.010000588385388,7.610000570318183,0.2271132045998735,0.3149242247420094,0.5217285938337746,0.6121352314949036,0.5928543210029602,0.045456431806087494,0.08077419549226761,1.7376022984087818
52,banana,100,0.8989336490631104,4.406288146972656,4.149256706237793,5.545178413391113,0.08620049804449081,0.2839079052209854,0.3677002489566803,3.7067556381225586,0.29513877630233765,7.539893257592412,8.071088961929199,7.569999830811034,7.93999982254084,0.1345019264417758,0.5724806323699559,0.44553318636162703,0.5072232484817505,0.790573239326477,0.10070448368787766,0.12003468722105026,3.9187864112991284
27,backpack,100,0.8866056799888611,4.4124860763549805,4.259468078613281,5.545178413391113,0.06300128437578678,0.28524188697338104,0.34811897575855255,2.256528854370117,0.22446782886981964,7.427718778019974,8.26803744608975,7.320000598220687,8.28000064381729,0.10838046115024562,0.7714311982587889,0.8005003366622016,0.525579571723938,0.6889109015464783,0.059032000601291656,0.08556197583675385,2.1296199180092446
28,umbrella,100,0.754614531993866,4.421477317810059,4.201310157775879,5.545178413391113,0.10348854959011078,0.2866318076848984,0.36201950907707214,4.5363993644714355,0.3567681312561035,7.28559293300743,6.007324189082919,7.329999836175283,6.159999862328011,0.15900262340540539,1.5079958444482937,1.3507406948268719,0.4161533713340759,0.6042240262031555,0.12644852697849274,0.1250278204679489,3.1004180468047853
76,keyboard,100,0.8247178196907043,4.419655799865723,4.140625953674316,5.545178413391113,0.09877820312976837,0.287033811211586,0.37421952188014984,4.4708123207092285,0.3377901613712311,6.579386700221268,9.12764699422432,6.920000461875782,9.32000062802233,0.3911747116874212,1.869963525188913,1.9101836954141296,0.4825803339481354,0.8118017315864563,0.0763365775346756,0.06567484885454178,2.874746321833835
57,carrot,100,0.8439546227455139,4.437817096710205,4.293118476867676,5.545178413391113,0.06313169375061989,0.2873344197869301,0.3437467962503433,2.0693905353546143,0.2316540777683258,7.169991868686489,8.702381193684857,7.439999833716142,8.509999809799178,0.3315341581876945,1.2468463825427967,1.0117804286249392,0.3366779386997223,0.8170417547225952,0.06116010248661041,0.07176297903060913,4.443085525762627
74,mouse,100,0.8459120392799377,4.442225933074951,4.284487724304199,5.545178413391113,0.07116862013936043,0.2880212590098381,0.34622302651405334,2.689560890197754,0.25108474493026733,8.518241706837076,9.447923092733362,8.590000575421097,9.510000647988756,0.09488391901131286,2.198003764497774,2.2865265927457616,0.39118316769599915,0.8284327983856201,0.056333277374506,0.0782083049416542,3.9895592974266147
73,laptop,100,0.8650514483451843,4.432589530944824,4.2462968826293945,5.545178413391113,0.0663527250289917,0.28860844671726227,0.3530115634202957,2.314188003540039,0.23810458183288574,7.262939295018397,7.863308856839231,7.300000481321036,7.930000522187151,0.07629750819678163,0.433809985251842,0.4742364985458624,0.2108457386493683,0.5585933327674866,0.24928565323352814,0.31818515062332153,4.161595990853258
60,donut,100,0.8710623383522034,4.3945722579956055,4.232434272766113,5.545178413391113,0.07477749139070511,0.2903726100921631,0.355946809053421,2.8805062770843506,0.26597678661346436,7.553165687477037,8.340581748079252,7.650000505162734,8.430000553851828,0.13180555656730064,0.8422613997619013,0.942019735310138,0.5006628632545471,0.7843948602676392,0.0735008716583252,0.08928348869085312,3.3388611898976315
38,kite,100,0.9139768481254578,4.415755748748779,4.242206573486328,5.545178413391113,0.06024267338216305,0.29115813970565796,0.351256400346756,2.548278570175171,0.20547789335250854,7.504679428153409,6.866158445501758,7.500000569982875,6.860000517233096,0.007733808527624505,0.6338588275448968,0.6399994827671581,0.4618845582008362,0.47722697257995605,0.07331708073616028,0.0880417674779892,0.644920688860386
51,bowl,100,0.8730071187019348,4.439608573913574,4.232434272766113,5.545178413391113,0.06610002554953098,0.2915762737393379,0.355946809053421,2.740771770477295,0.23023954033851624,7.345549312152781,8.306623827082626,7.430000487728746,8.360000551691272,0.09990533412240611,0.8212776713109288,0.8628446445493564,0.47174620628356934,0.6499434113502502,0.10738278925418854,0.11834267526865005,1.433498905730397
75,remote,100,0.8727306127548218,4.392873287200928,4.223803520202637,5.545178413391113,0.07219209522008896,0.29171478748321533,0.35842305421829224,2.7889974117279053,0.2533116936683655,7.414564542019547,8.568128959448584,7.450000500320088,8.460000564357138,0.11378689276770682,1.0715403359151,0.9613017390675338,0.46102795004844666,0.7159656882286072,0.0398905910551548,0.038862235844135284,2.3413303652535293
89,hair drier,100,0.8808531761169434,4.412996292114258,4.176982402801514,5.545178413391113,0.07116586528718472,0.29300132393836975,0.3658728003501892,3.1061768531799316,0.24707747995853424,7.1623631234759895,6.50958615143748,7.280000480837068,6.3000004189237035,0.24034293648916413,1.046383415299245,1.219999501235639,0.446327805519104,0.6236488819122314,0.08743273466825485,0.1251613199710846,3.1102596550283605
42,surfboard,100,0.9010291695594788,4.394801139831543,4.251529693603516,5.545178413391113,0.05358668603003025,0.2931716740131378,0.3489225059747696,1.8760192394256592,0.18765714764595032,7.502417456007866,8.41664742998085,7.529999831704624,8.379999812705075,0.045867584425919844,0.9166506177295948,0.8805110222270202,0.43928658962249756,0.6989828944206238,0.08636398613452911,0.08008366823196411,2.3053988775365295
9,boat,100,0.8670165538787842,4.422311782836914,4.1926798820495605,5.545178413391113,0.07646308094263077,0.2951516807079315,0.36268071830272675,3.2440342903137207,0.26388540863990784,7.447635244552702,8.567020931644535,7.389999834834429,8.509999809799577,0.08107557455763559,1.0683050763619104,1.0159722693713815,0.507909893989563,0.7202169299125671,0.0839281901717186,0.08886402100324631,2.3046246367651415
77,cell phone,100,0.7792220711708069,4.349109649658203,4.204708576202393,5.545178413391113,0.08466001600027084,0.2954478934407234,0.3600023090839386,2.793299674987793,0.30358999967575073,7.325659246276485,7.30847630030361,7.330000485307368,7.52000050434322,0.21156874828507585,0.2589903974171168,0.1711720046319306,0.36037805676460266,0.7267476320266724,0.0485537052154541,0.04802084341645241,3.8904565916548446
70,toilet,100,0.9110064506530762,4.408109664916992,4.218571662902832,5.545178413391113,0.05607007257640362,0.29757843911647797,0.3570670485496521,2.2937545776367188,0.19349567592144012,7.382274338309372,9.906657580438278,7.5200004950302635,9.960000656556963,0.14769555854835736,2.4095352333803968,2.46008196002941,0.43957531452178955,0.805760383605957,0.2650337517261505,0.4432443082332611,2.319431278496566
85,clock,100,0.8396959900856018,4.347036361694336,4.190845489501953,5.545178413391113,0.07127535715699196,0.29854006320238113,0.3611225336790085,2.499014377593994,0.24594010412693024,7.364861230995791,6.068454447303356,7.389999834834388,6.089999863892553,0.033108222225845245,1.4379099959084758,1.4142844198249098,0.42924579977989197,0.5673550963401794,0.07377775758504868,0.08401743322610855,2.6005724130880776
32,tie,100,0.9040383100509644,4.40717887878418,4.2342681884765625,5.545178413391113,0.05562395416200161,0.29896727204322815,0.35387493669986725,2.3801932334899902,0.18823319673538208,7.40060615668495,7.682918708575573,7.399999834610702,7.759999826563765,0.07708350262388966,0.2081787453989772,0.27856766303911645,0.37771567702293396,0.7256207466125488,0.0782097578048706,0.15001939237117767,3.573373130651568
72,tv,100,0.8334535956382751,4.339224338531494,4.204708576202393,5.545178413391113,0.06901200860738754,0.3023272603750229,0.3618173599243164,2.3762030601501465,0.2499121129512787,7.244656827783718,5.0064609795894555,7.170000534518623,5.110000379398894,0.1276478336556583,2.5065787404163973,2.4126744151856516,0.43412676453590393,0.4752386212348938,0.15600989758968353,0.2472473531961441,2.1231475018893473
78,microwave,100,0.898566722869873,4.347052574157715,4.102435111999512,5.545178413391113,0.07597730308771133,0.3039167821407318,0.3810080885887146,3.2625999450683594,0.2648777961730957,7.005318956267326,6.507504157772338,6.999999843552397,6.349999858081359,0.15759409056566762,1.1089442420012123,1.2539938129275285,0.43087756633758545,0.6175950765609741,0.2739647328853607,0.40660959482192993,2.962964679261955
14,parking meter,100,0.8433529138565063,4.383594512939453,4.159721374511719,5.545178413391113,0.08096825890243053,0.3039756789803505,0.36901022493839264,3.3154773712158203,0.27801644802093506,7.1436342714914005,7.074516095408347,7.150000486537003,7.160000485382123,0.08572111538702398,0.5550072842062739,0.4879542287599591,0.3776995837688446,0.49742093682289124,0.06968317180871964,0.15826088190078735,1.514777243380382
31,handbag,100,0.8743413090705872,4.365863800048828,4.229036331176758,5.545178413391113,0.06150141358375549,0.30500971525907516,0.35796403884887695,2.1487395763397217,0.22707173228263855,8.139739627708215,8.774739527496799,7.839999824775885,8.879999801529275,0.31768486704799787,1.4262635290236536,1.4212668057294766,0.46227067708969116,0.6562223434448242,0.05585485324263573,0.11562490463256836,1.3223999696276851
36,snowboard,100,0.8532729148864746,4.346445083618164,4.156323432922363,5.545178413391113,0.07353909686207771,0.3070625439286232,0.36921243369579315,2.9381091594696045,0.25336939096450806,7.980081902630516,9.118254019347486,7.890000564990986,9.22000066099095,0.1358934379455113,1.6879646632461325,1.7636617347163237,0.43143409490585327,0.5773152709007263,0.09096097946166992,0.07095161080360413,1.5251280953485853
33,suitcase,100,0.9025863409042358,4.362766265869141,4.215173244476318,5.545178413391113,0.0560210645198822,0.3074691444635391,0.35908424854278564,2.1821823120117188,0.19571681320667267,7.879269375845709,9.04913237806556,7.880000576390175,8.990000660543673,0.05913623822432711,1.5948844422795807,1.5376938598035201,0.49477702379226685,0.786569356918335,0.2076902687549591,0.18104614317417145,2.8456942120860793
4,motorcycle,100,0.8209455609321594,4.370939254760742,4.182214736938477,5.545178413391113,0.07188338413834572,0.3081344962120056,0.3654137849807739,2.4771065711975098,0.25507277250289917,7.293362466389753,9.012747075715552,7.310000550947222,9.03000067268842,0.023968989679242613,1.526794938877674,1.541752849540865,0.3097181022167206,0.7467649579048157,0.23930977284908295,0.45382359623908997,3.4370647754517094
59,pizza,100,0.902756929397583,4.3320159912109375,4.091970443725586,5.545178413391113,0.07284650579094887,0.3091551810503006,0.38011108338832855,3.4116082191467285,0.24548053741455078,6.946880398509517,8.630577471832844,7.209999838858362,8.499999810023835,0.29373860089031056,1.258628902166534,1.0412010917732861,0.48645544052124023,0.7996633648872375,0.15581074357032776,0.17005735635757446,3.4960291610475913
61,cake,100,0.8876729607582092,4.305488586425781,4.161284923553467,5.545178413391113,0.06452536396682262,0.3092340975999832,0.36906489729881287,2.328859806060791,0.23107273876667023,7.062281756503654,9.376685019680846,7.060000552809898,9.28000072018559,0.09671120751588504,1.9270557656134455,1.833576308035424,0.4096289575099945,0.7926299571990967,0.09986566752195358,0.1406552493572235,2.7654084041755613
41,skateboard,100,0.9252806901931763,4.314522743225098,4.0774149894714355,5.545178413391113,0.07198629155755043,0.30975499749183655,0.3829040229320526,3.1620640754699707,0.25030070543289185,7.766491561967584,9.702664489304755,7.680000513806018,9.66000062507933,0.09644120863371523,2.218726798198485,2.1674876897720847,0.4543125033378601,0.6608162522315979,0.11238431185483932,0.10551773011684418,0.9013285395293688
88,teddy bear,100,0.8723497986793518,4.348833084106445,4.185612678527832,5.545178413391113,0.06139129400253296,0.31079472601413727,0.3633965849876404,2.2679104804992676,0.2129499912261963,7.640035338556547,7.757996483022069,7.570000486462147,7.690000510788023,0.09761317917134779,0.2935508155267219,0.20248521478035597,0.35853368043899536,0.6727426648139954,0.21249142289161682,0.36290502548217773,3.2512019347006866
18,dog,100,0.954256534576416,4.28525447845459,4.0789594650268555,5.545178413391113,0.053099047392606735,0.31381507217884064,0.3785274028778076,2.2756056785583496,0.18830187618732452,7.747560914542211,8.349889057902129,7.640000585480503,8.34000063316375,0.10801391267642084,0.8852106060993302,0.8515874750431605,0.403816819190979,0.7138975858688354,0.14902764558792114,0.2662337124347687,2.848632986113997
40,baseball glove,100,0.904448390007019,4.323015213012695,4.176290512084961,5.545178413391113,0.053971124812960625,0.31416264176368713,0.36391544342041016,1.933537483215332,0.19324198365211487,7.83725229926597,7.917817659910309,7.819999836398701,7.809999842210363,0.10918941930684146,0.5369457237869669,0.44553316090460116,0.269918292760849,0.7865906953811646,0.030376693233847618,0.05554934963583946,5.489367008267424
13,stop sign,100,0.8818840980529785,4.305193901062012,4.218571186065674,5.545178413391113,0.052009014412760735,0.3141850233078003,0.3588820695877075,1.641715168952942,0.19229337573051453,7.487817011614652,6.317921350020967,7.390000490485482,6.300000408678896,0.09944461747324138,1.1821414297546005,1.2050306681841136,0.2946363091468811,0.41184163093566895,0.26821982860565186,0.29802942276000977,2.972975588215677
79,oven,100,0.8734036684036255,4.312252998352051,4.130161285400391,5.545178413391113,0.06844411417841911,0.3142300844192505,0.3710945248603821,2.6328513622283936,0.23820760846138,7.162059233048673,9.30274178152418,7.270000468953922,9.230000610475912,0.1301636983733408,1.8341433675753442,1.7452225922582036,0.36026111245155334,0.7607176303863525,0.20551444590091705,0.2712664008140564,2.870191566981146
54,sandwich,100,0.9002593159675598,4.262071132659912,4.159721374511719,5.545178413391113,0.05550727993249893,0.32018840312957764,0.36901023983955383,2.0499000549316406,0.19688262045383453,7.684101537024658,8.63531156733302,7.649999829023056,8.579999808235216,0.0649793596699745,1.1501416133915852,1.090366697260628,0.5246811509132385,0.7711784243583679,0.14008629322052002,0.16792546212673187,2.99578152217761
8,truck,100,0.8805848360061646,4.245519161224365,4.1519622802734375,5.545178413391113,0.05657785385847092,0.32194267213344574,0.36958378553390503,2.0624759197235107,0.1987351030111313,8.618268932697937,7.627489291301467,8.300000543719799,7.700000511496087,0.32642402558153144,1.1255127388145965,0.8246217766653209,0.5341001749038696,0.7472947239875793,0.17605377733707428,0.20506270229816437,3.5212586146324587
6,bus,100,0.891176164150238,4.268915176391602,4.016730785369873,5.545178413391113,0.0746089294552803,0.3233576864004135,0.3932890295982361,2.956544876098633,0.26788949966430664,7.404596374564233,8.033986094881442,7.230000456809727,8.070000525577985,0.17827162902417787,0.5424417031101318,0.6307141606798876,0.5346707701683044,0.6038622260093689,0.2916072905063629,0.4228695034980774,1.2649932331221758
58,hot dog,100,0.8748396635055542,4.214943885803223,4.040366172790527,5.545178413391113,0.06346329487860203,0.32386672496795654,0.38747838139533997,2.23236083984375,0.2223069965839386,7.636080589756769,8.814979545403133,7.51000052040005,8.770000609582771,0.13386294691410106,1.3220019408976607,1.2700399831300127,0.6326309442520142,0.75943523645401,0.05954575538635254,0.09354950487613678,3.2849178134509702
20,sheep,100,0.891833484172821,4.200275897979736,4.054921627044678,5.545178413391113,0.06763607077300549,0.3239539563655853,0.3865004777908325,2.766084671020508,0.2362089455127716,7.7543088200318095,8.855507310309545,7.8100006245218365,8.780000698766113,0.0938233738155162,1.3791566423900468,1.3170050022857414,0.4478318393230438,0.8027914762496948,0.08912323415279388,0.08204080909490585,3.43997266048285
63,couch,100,0.921506941318512,4.255122184753418,4.140626430511475,5.545178413391113,0.043733276426792145,0.32450559735298157,0.3724045008420944,1.654085636138916,0.15234294533729553,7.948060986533561,9.717416869663253,7.8799998238819144,9.649999784318053,0.09579867043929126,2.2622325745865766,2.1833229121497264,0.3825130760669708,0.8379455804824829,0.7590699195861816,0.48591381311416626,3.6209252747743554
82,refrigerator,100,0.9090666770935059,4.235193252563477,4.090585708618164,5.545178413391113,0.05356769263744354,0.3257126808166504,0.3798264414072037,1.8500239849090576,0.1966208815574646,7.54988529225356,7.94552369294127,7.490000636331136,7.9000006588314395,0.07522312576270572,0.44830782209911346,0.4001256231977251,0.33113762736320496,0.7664949893951416,0.4518805742263794,0.7114776968955994,4.393935359765762
11,fire hydrant,100,0.8958316445350647,4.256425380706787,4.107667446136475,5.545178413391113,0.056446753442287445,0.3263384848833084,0.3787340372800827,2.030531883239746,0.1952744573354721,7.2233771527729544,9.213685598242437,7.339999835952355,9.199999794376856,0.11742295967744128,1.73586823498546,1.707512621732743,0.37086600065231323,0.7191665172576904,0.18314217031002045,0.4434112310409546,2.3828373233503664
19,horse,100,0.8961464166641235,4.251302719116211,4.041750907897949,5.545178413391113,0.06423749960958958,0.32767540216445923,0.38957805931568146,2.650334358215332,0.2215997576713562,8.225095177645871,8.87499391123848,8.289999814717959,8.979999799294898,0.12344573074827829,1.5544681639030729,1.6776468976418573,0.42304420471191406,0.6639886498451233,0.16745568811893463,0.2723991274833679,2.1772717106432355
87,scissors,100,0.8332078456878662,4.171962261199951,4.107667446136475,5.545178413391113,0.06912343949079514,0.3278322219848633,0.3769190162420273,2.327866554260254,0.24862968921661377,7.271149958528497,8.030022319163571,7.230000475436048,7.920000524273914,0.11746520893233642,0.5773179369230086,0.49929969322554424,0.3309118449687958,0.7489293217658997,0.528171718120575,0.5121803879737854,4.014774307063888
21,cow,100,0.9046648740768433,4.205389499664307,4.041750907897949,5.545178413391113,0.06268360465765,0.3307468891143799,0.38957805931568146,2.468355178833008,0.2212262749671936,7.215482304761968,8.154927186451346,7.160000458374478,8.090000516748967,0.08540320671501066,0.7140587780124528,0.6809554303106872,0.518937885761261,0.7396063804626465,0.09240497648715973,0.15398646891117096,3.068232156426104
39,baseball bat,100,0.7367023825645447,4.141460418701172,4.128776550292969,5.545178413391113,0.07780114188790321,0.33120253682136536,0.3712228685617447,1.8766452074050903,0.29021841287612915,6.339943115287085,6.702086737711848,6.82999986784076,6.659999867915436,0.49186067674974215,1.4079764024674406,1.07447680244642,0.6125814318656921,0.45053350925445557,0.11220642179250717,0.13696643710136414,2.3607566959065456
24,zebra,100,0.8288730382919312,4.158050060272217,4.050381660461426,5.545178413391113,0.0793040506541729,0.33286382257938385,0.39073190093040466,2.5438952445983887,0.29325899481773376,7.317621352389604,7.701145548501075,7.320000464111055,7.770000492236798,0.06889603362627378,0.2715170395868287,0.32449976691570775,0.4482841193675995,0.6788045763969421,0.14141105115413666,0.36934059858322144,2.484547714453586
81,sink,100,0.9174950122833252,4.199915885925293,4.0660786628723145,5.545178413391113,0.05391034111380577,0.33409808576107025,0.3857247680425644,2.1691088676452637,0.18656541407108307,7.726443545366713,9.121807055252035,7.789999825894151,9.179999794824093,0.08617305688777573,1.637539252568781,1.704845802302259,0.4085015058517456,0.7414075136184692,0.1684195101261139,0.12443257123231888,2.5557288382191925
90,toothbrush,100,0.90330570936203,4.167516231536865,4.046291351318359,5.545178413391113,0.052320122718811035,0.336558997631073,0.3871617019176483,1.6972973346710205,0.1903548538684845,7.559089509804167,7.215710176601775,7.590000598705753,7.220000572517042,0.031207417614911904,0.2903657587538361,0.2941084615548796,0.409087598323822,0.4773709177970886,0.050442174077034,0.08120252192020416,1.4549012111518391
35,skis,100,0.9245479106903076,4.176918983459473,4.025361061096191,5.545178413391113,0.05164366774260998,0.3421366810798645,0.3944428563117981,2.1050565242767334,0.18361316621303558,6.908881674843301,10.556972517757595,6.980000439114688,10.59000066575941,0.07841388392318603,3.1135995003630876,3.1334491630971955,0.47141170501708984,0.746732234954834,0.10161848366260529,0.05875664949417114,0.6177482973739278
22,elephant,100,0.9680647850036621,4.082109451293945,3.9196903705596924,5.545178413391113,0.04543082416057587,0.3511935621500015,0.40797771513462067,1.7220573425292969,0.1727183610200882,7.665970227841227,7.888438159450966,7.609999844818786,7.949999837219345,0.08320170638476407,0.42241013274698214,0.4632491979028065,0.5062046051025391,0.6957741379737854,0.18635009229183197,0.29796674847602844,2.4866698705645276
5,airplane,100,0.9584799408912659,3.9772462844848633,3.7827842235565186,5.545178413391113,0.057431530207395554,0.3628818541765213,0.4248613566160202,2.3651442527770996,0.20330482721328735,7.004730586296404,7.404850930572099,7.040000499241313,7.4400005256906345,0.049794184360610436,0.5043264196562575,0.4638959771496637,0.49371105432510376,0.5521124601364136,0.26908108592033386,0.21057549118995667,0.9176857191877787
17,cat,100,0.9638803005218506,3.9673304557800293,3.7720577716827393,5.545178413391113,0.05264917016029358,0.36426468193531036,0.4227614104747772,2.311879873275757,0.1798172891139984,7.764635972428239,7.767937785359092,7.799999851748137,7.709999859347868,0.06787788469770048,0.3765937529038087,0.36619646636065234,0.3663230240345001,0.6646963953971863,0.3042481243610382,0.4143389165401459,3.228521901907669
67,dining table,100,0.9457230567932129,3.85325026512146,3.7627768516540527,5.545178413391113,0.05263492092490196,0.366268053650856,0.4161931276321411,1.680415391921997,0.1888139247894287,7.291128044428511,9.183216775642872,7.500000531799859,9.22000063677746,0.21208670024464663,1.696126825337612,1.720000636777542,0.31721916794776917,0.7168179750442505,0.4556487798690796,0.3443232774734497,3.1408340449108976
23,bear,100,0.9586666822433472,3.9951281547546387,3.7689216136932373,5.545178413391113,0.05391203798353672,0.3761684447526932,0.4324418008327484,2.5688576698303223,0.1810460239648819,7.253235445403162,8.172046999773814,7.329999873430036,8.12999986486139,0.08752564746768104,0.7159189306830492,0.6525334265454703,0.44363871216773987,0.7262049913406372,0.2746469974517822,0.289249986410141,2.844428689224254
7,train,100,0.9477784633636475,3.799917221069336,3.726088523864746,5.545178413391113,0.05229900777339935,0.3867504298686981,0.42569220066070557,2.1396355628967285,0.19237235188484192,7.937973294727126,7.913267560141483,7.550000540927072,7.820000555381098,0.3990258035117164,0.6021716392852023,0.32388332704418554,0.43137553334236145,0.6469033360481262,0.49648773670196533,0.5728126168251038,2.170896808197522
25,giraffe,100,0.951194703578949,3.863910675048828,3.759617805480957,5.545178413391113,0.02855239063501358,0.4049965888261795,0.4373919665813446,0.900367021560669,0.1006605476140976,7.302036356259204,8.176045186964098,7.459999887287957,8.199999876335472,0.15976953488682016,0.7044336015980888,0.7011418086854128,0.2690676748752594,0.5837782025337219,0.20491831004619598,0.6916313171386719,3.4689417225023376
65,bed,100,0.9864886403083801,3.6134393215179443,3.471942901611328,5.545178413391113,0.035502536222338676,0.4157762825489044,0.4591984748840332,1.4700140953063965,0.12283305078744888,7.588956538820608,9.24287692906754,7.569999976099256,9.17999996060114,0.06567240237522293,1.7451456259220437,1.6814576605652993,0.5234319567680359,0.7960512638092041,0.7302975058555603,0.6139928102493286,2.7750812764722825
